"gene_symbol","ensembl_id","baseMean","log2FoldChange","padj","binding_status","expression_status","Category","Direction"
"CRACD","ENSG00000109265",2486.1470341759,6.78155916745644,2.53646432396452e-273,"TES_only_bound","upregulated","TES_only_bound_upregulated","Up"
"SPARCL1","ENSG00000152583",493.072226610584,5.29555818816214,4.1602810000903e-113,"TES_only_bound","upregulated","TES_only_bound_upregulated","Up"
"SEMA6A","ENSG00000092421",583.457578159727,3.56722533787899,3.9197639243228e-106,"TES_only_bound","upregulated","TES_only_bound_upregulated","Up"
"ZNF432","ENSG00000256087",1331.3916281653,2.60779489843246,8.85088995801611e-94,"TES_only_bound","upregulated","TES_only_bound_upregulated","Up"
"LCP1","ENSG00000136167",408.765245346166,3.90446607628467,8.11229834637924e-90,"TES_only_bound","upregulated","TES_only_bound_upregulated","Up"
"AFDN","ENSG00000130396",6248.55426892884,2.14031690053807,7.74797166535743e-81,"TES_only_bound","upregulated","TES_only_bound_upregulated","Up"
"MAP2K5","ENSG00000137764",1520.8068137411,2.02669464438659,6.57262551724144e-50,"TES_only_bound","upregulated","TES_only_bound_upregulated","Up"
"MINAR1","ENSG00000169330",572.218265118616,1.9670311226779,8.51274641064849e-40,"TES_only_bound","upregulated","TES_only_bound_upregulated","Up"
"ZDHHC9","ENSG00000188706",3080.97699144058,1.51738932273801,1.3186172859508e-36,"TES_only_bound","upregulated","TES_only_bound_upregulated","Up"
"RNF152","ENSG00000176641",313.253064700872,2.17893903995659,5.28345478208223e-35,"TES_only_bound","upregulated","TES_only_bound_upregulated","Up"
"CRACDL","ENSG00000196872",105.639956879956,4.43466723885198,1.35773312042753e-32,"TES_only_bound","upregulated","TES_only_bound_upregulated","Up"
"FGF7","ENSG00000140285",114.568285638892,5.49135662744891,1.54397565605053e-32,"TES_only_bound","upregulated","TES_only_bound_upregulated","Up"
"PALMD","ENSG00000099260",100.344601526085,4.20878864626901,9.57198639471781e-32,"TES_only_bound","upregulated","TES_only_bound_upregulated","Up"
"BTBD10","ENSG00000148925",717.168679264967,1.66913644423856,5.95665917214193e-26,"TES_only_bound","upregulated","TES_only_bound_upregulated","Up"
"SLC16A9","ENSG00000165449",2363.21157528285,1.48989658503598,1.17935954120905e-25,"TES_only_bound","upregulated","TES_only_bound_upregulated","Up"
"GDAP1","ENSG00000104381",1129.52629241699,1.36635685121315,2.92613902805736e-24,"TES_only_bound","upregulated","TES_only_bound_upregulated","Up"
"TDO2","ENSG00000151790",155.266394253067,2.26168020327853,4.42081007193404e-24,"TES_only_bound","upregulated","TES_only_bound_upregulated","Up"
"THBS2","ENSG00000186340",2394.49870036419,1.42608728940959,6.14594025339529e-24,"TES_only_bound","upregulated","TES_only_bound_upregulated","Up"
"SMCO2","ENSG00000165935",74.8789468830994,3.59760848076053,9.76397766770509e-24,"TES_only_bound","upregulated","TES_only_bound_upregulated","Up"
"NCF2","ENSG00000116701",132.600897616133,2.0463810727312,1.74015509629303e-20,"TES_only_bound","upregulated","TES_only_bound_upregulated","Up"
"IP6K1","ENSG00000176095",3429.01757082482,1.10449710239314,8.3939710027476e-20,"TES_only_bound","upregulated","TES_only_bound_upregulated","Up"
"ZNF433","ENSG00000197647",565.760800861627,1.26302904126043,5.0476033902478e-19,"TES_only_bound","upregulated","TES_only_bound_upregulated","Up"
"ATP8B1","ENSG00000081923",391.663921637666,1.45521528395998,3.8526967462993e-18,"TES_only_bound","upregulated","TES_only_bound_upregulated","Up"
"ZNF799","ENSG00000196466",166.615593713851,1.81302849041214,4.00554411934057e-18,"TES_only_bound","upregulated","TES_only_bound_upregulated","Up"
"MYPN","ENSG00000138347",51.1743323945575,4.66961291101899,6.24233644845563e-18,"TES_only_bound","upregulated","TES_only_bound_upregulated","Up"
"ZNF823","ENSG00000197933",222.846104032908,1.48608185294736,1.87758588279959e-16,"TES_only_bound","upregulated","TES_only_bound_upregulated","Up"
"FRYL","ENSG00000075539",5363.47809114996,1.01386136717231,1.20325179564889e-15,"TES_only_bound","upregulated","TES_only_bound_upregulated","Up"
"LRRN3","ENSG00000173114",421.883133179341,1.38456685661074,1.42997395456242e-15,"TES_only_bound","upregulated","TES_only_bound_upregulated","Up"
"FAM91A1","ENSG00000176853",4600.73517825723,1.13681751441007,1.6767585809978e-15,"TES_only_bound","upregulated","TES_only_bound_upregulated","Up"
"CPA4","ENSG00000128510",695.338128756452,1.29666957078588,9.86341425803481e-15,"TES_only_bound","upregulated","TES_only_bound_upregulated","Up"
"LINC01198","ENSG00000231817",39.1265851302591,4.24661279650052,2.21028691799109e-14,"TES_only_bound","upregulated","TES_only_bound_upregulated","Up"
"LOC105375523","ENSG00000232053",121.221814489121,1.70348445728628,1.04344719216911e-13,"TES_only_bound","upregulated","TES_only_bound_upregulated","Up"
"ZNF737","ENSG00000237440",242.430916571025,1.27386306209274,6.93462822601788e-13,"TES_only_bound","upregulated","TES_only_bound_upregulated","Up"
"ERMN","ENSG00000136541",34.856307170749,4.60472769811508,9.33079399851264e-13,"TES_only_bound","upregulated","TES_only_bound_upregulated","Up"
"ZNF443","ENSG00000180855",176.69047356453,1.43692526526676,9.44403659566621e-13,"TES_only_bound","upregulated","TES_only_bound_upregulated","Up"
"ARL6IP5","ENSG00000144746",2450.34316093472,1.58143322515901,3.32927598972366e-12,"TES_only_bound","upregulated","TES_only_bound_upregulated","Up"
"CHD9NB","ENSG00000277639",57.3547681516615,2.20450730202568,3.40159028792866e-12,"TES_only_bound","upregulated","TES_only_bound_upregulated","Up"
"ZNF565","ENSG00000196357",101.172823737497,1.66152990444431,1.97137247988232e-11,"TES_only_bound","upregulated","TES_only_bound_upregulated","Up"
"ACE","ENSG00000159640",55.776234728247,2.27553183763789,2.20939482069501e-11,"TES_only_bound","upregulated","TES_only_bound_upregulated","Up"
"RAB4A-AS1","ENSG00000177788",272.194369555771,1.21968457884502,2.74092646969117e-11,"TES_only_bound","upregulated","TES_only_bound_upregulated","Up"
"ZFAND6","ENSG00000086666",2403.64079331382,1.13692625806835,3.59762340301032e-11,"TES_only_bound","upregulated","TES_only_bound_upregulated","Up"
"DNAH7","ENSG00000118997",181.74584859485,1.29376250584514,4.71650602479824e-11,"TES_only_bound","upregulated","TES_only_bound_upregulated","Up"
"AKR1B15","ENSG00000227471",32.2734313193136,3.30424993762751,1.07374946932591e-10,"TES_only_bound","upregulated","TES_only_bound_upregulated","Up"
"ZFP14","ENSG00000142065",230.094580162556,1.18379331554563,1.38616309617427e-10,"TES_only_bound","upregulated","TES_only_bound_upregulated","Up"
"LINC02831","ENSG00000224173",31.8371085671884,3.31504676101306,2.33914917479127e-10,"TES_only_bound","upregulated","TES_only_bound_upregulated","Up"
"MAB21L3","ENSG00000173212",51.576862497383,2.12384910528493,2.35117167005126e-10,"TES_only_bound","upregulated","TES_only_bound_upregulated","Up"
"GARIN2","ENSG00000172717",45.5585897186371,2.23905806210608,1.41702234784324e-09,"TES_only_bound","upregulated","TES_only_bound_upregulated","Up"
"LINC00536","ENSG00000249917",36.6046167482184,2.49894991652288,1.7923682741941e-09,"TES_only_bound","upregulated","TES_only_bound_upregulated","Up"
"ZNF878","ENSG00000257446",65.0393216353018,1.77648269217886,3.09032333966967e-09,"TES_only_bound","upregulated","TES_only_bound_upregulated","Up"
"LOC112267986","ENSG00000287672",22.771993504519,4.49898608436375,1.07566113165205e-08,"TES_only_bound","upregulated","TES_only_bound_upregulated","Up"
"DDR2","ENSG00000162733",3045.79964205334,-4.52405488046812,8.7128848639006e-284,"TES_only_bound","downregulated","TES_only_bound_downregulated","Down"
"PDE1C","ENSG00000154678",3988.73035117867,-4.11908970201714,5.07136069696543e-269,"TES_only_bound","downregulated","TES_only_bound_downregulated","Down"
"ARHGAP29","ENSG00000137962",5075.83310035065,-3.59028908769471,6.61492429424289e-205,"TES_only_bound","downregulated","TES_only_bound_downregulated","Down"
"H3C3","ENSG00000287080",889.348743871023,-5.79750108530536,1.78143213479321e-204,"TES_only_bound","downregulated","TES_only_bound_downregulated","Down"
"EPHA3","ENSG00000044524",4526.82238488291,-3.15926590086563,1.5599374742183e-148,"TES_only_bound","downregulated","TES_only_bound_downregulated","Down"
"PSD3","ENSG00000156011",4234.51748008596,-3.11111775157525,1.55059069425127e-122,"TES_only_bound","downregulated","TES_only_bound_downregulated","Down"
"DCBLD2","ENSG00000057019",15386.4109331694,-2.59420650209385,8.09507897533245e-122,"TES_only_bound","downregulated","TES_only_bound_downregulated","Down"
"ARSJ","ENSG00000180801",1618.42653213867,-3.05204776402712,6.87454054232262e-121,"TES_only_bound","downregulated","TES_only_bound_downregulated","Down"
"CAMK2D","ENSG00000145349",3268.6792568659,-2.65329495309456,3.04941467964484e-118,"TES_only_bound","downregulated","TES_only_bound_downregulated","Down"
"COL5A2","ENSG00000204262",1549.06843970891,-3.25000987079925,3.51071821202547e-108,"TES_only_bound","downregulated","TES_only_bound_downregulated","Down"
"NDRG1","ENSG00000104419",7268.05076310648,-2.565119434629,1.41356880129664e-107,"TES_only_bound","downregulated","TES_only_bound_downregulated","Down"
"ASPM","ENSG00000066279",1268.82931193796,-3.06051803604177,7.35248215444903e-99,"TES_only_bound","downregulated","TES_only_bound_downregulated","Down"
"H2BC7","ENSG00000277224",292.29650718835,-5.44746146801954,1.88149732083129e-97,"TES_only_bound","downregulated","TES_only_bound_downregulated","Down"
"LRIG3","ENSG00000139263",1247.54612988638,-2.59470290398658,9.11184716506836e-92,"TES_only_bound","downregulated","TES_only_bound_downregulated","Down"
"MAP2","ENSG00000078018",1751.32036521664,-2.83049926392138,2.00849229628647e-91,"TES_only_bound","downregulated","TES_only_bound_downregulated","Down"
"BRCA2","ENSG00000139618",420.875366452831,-3.58088148343411,4.03341404924438e-86,"TES_only_bound","downregulated","TES_only_bound_downregulated","Down"
"COL8A1","ENSG00000144810",351.207319396756,-3.6564954861073,1.10621260980863e-82,"TES_only_bound","downregulated","TES_only_bound_downregulated","Down"
"SLC7A11","ENSG00000151012",2700.83583589595,-2.27253752313958,3.85486582274351e-82,"TES_only_bound","downregulated","TES_only_bound_downregulated","Down"
"STAC","ENSG00000144681",407.665582493453,-3.05667186402956,2.54859637247458e-76,"TES_only_bound","downregulated","TES_only_bound_downregulated","Down"
"OGFRL1","ENSG00000119900",1526.89947932764,-2.21959841322382,1.59185179359784e-66,"TES_only_bound","downregulated","TES_only_bound_downregulated","Down"
"ARB2A","ENSG00000113391",245.455085003863,-3.10482479117505,1.91230633013648e-65,"TES_only_bound","downregulated","TES_only_bound_downregulated","Down"
"PLCB1","ENSG00000182621",1794.40904687845,-2.07202730111204,3.12488674710852e-65,"TES_only_bound","downregulated","TES_only_bound_downregulated","Down"
"LUCAT1","ENSG00000248323",244.796892584209,-3.13378972015276,7.78007177332e-65,"TES_only_bound","downregulated","TES_only_bound_downregulated","Down"
"SHROOM3","ENSG00000138771",572.96488203379,-2.56421531810794,5.5712489521283e-59,"TES_only_bound","downregulated","TES_only_bound_downregulated","Down"
"GNAI1","ENSG00000127955",548.894250060152,-2.38136995515317,2.57006552932381e-53,"TES_only_bound","downregulated","TES_only_bound_downregulated","Down"
"DKK1","ENSG00000107984",3168.96920060664,-2.92015398263843,6.21928695771507e-47,"TES_only_bound","downregulated","TES_only_bound_downregulated","Down"
"EGLN3","ENSG00000129521",365.203027794924,-2.24509959884734,2.41664866029028e-46,"TES_only_bound","downregulated","TES_only_bound_downregulated","Down"
"SERPINE2","ENSG00000135919",1506.73201360204,-2.17493912675181,1.00910795160783e-42,"TES_only_bound","downregulated","TES_only_bound_downregulated","Down"
"FAT4","ENSG00000196159",701.10361368599,-1.91453040161041,5.51506781142014e-42,"TES_only_bound","downregulated","TES_only_bound_downregulated","Down"
"PRICKLE2","ENSG00000163637",1515.69317397031,-1.63143363209981,2.49873584711692e-41,"TES_only_bound","downregulated","TES_only_bound_downregulated","Down"
"TTYH3","ENSG00000136295",1976.26149383096,-1.70025236669519,2.49166639939309e-39,"TES_only_bound","downregulated","TES_only_bound_downregulated","Down"
"PTGFR","ENSG00000122420",159.996834428517,-3.18282250457405,5.01243741783772e-39,"TES_only_bound","downregulated","TES_only_bound_downregulated","Down"
"TGFBR2","ENSG00000163513",565.593111914833,-1.8999761310221,3.44966671651503e-38,"TES_only_bound","downregulated","TES_only_bound_downregulated","Down"
"MARCHF1","ENSG00000145416",504.371266098115,-1.9349857636374,6.22086657441696e-38,"TES_only_bound","downregulated","TES_only_bound_downregulated","Down"
"PARAIL","ENSG00000251136",1163.56850161961,-1.98035733740297,2.91144367346943e-37,"TES_only_bound","downregulated","TES_only_bound_downregulated","Down"
"SPIN4","ENSG00000186767",156.499045082124,-2.61537948171762,4.86146316061852e-36,"TES_only_bound","downregulated","TES_only_bound_downregulated","Down"
"PHLDA1","ENSG00000139289",2884.01441677953,-1.52439103261098,1.60909011295069e-35,"TES_only_bound","downregulated","TES_only_bound_downregulated","Down"
"SULF1","ENSG00000137573",4090.5080321335,-1.43957006470883,9.38741619312263e-35,"TES_only_bound","downregulated","TES_only_bound_downregulated","Down"
"PPP1R9A","ENSG00000158528",1623.11925779222,-1.45104005325491,1.42468890359991e-33,"TES_only_bound","downregulated","TES_only_bound_downregulated","Down"
"TRIM2","ENSG00000109654",3093.71786150493,-1.35890468327921,6.45462263124612e-33,"TES_only_bound","downregulated","TES_only_bound_downregulated","Down"
"IGSF10","ENSG00000152580",116.095867955331,-3.00013318886315,1.1706265817671e-32,"TES_only_bound","downregulated","TES_only_bound_downregulated","Down"
"KIF13A","ENSG00000137177",1683.93712574207,-1.42846697648267,1.4351712935586e-32,"TES_only_bound","downregulated","TES_only_bound_downregulated","Down"
"SLITRK6","ENSG00000184564",88.0159971530021,-3.70794871952543,1.73557835525888e-32,"TES_only_bound","downregulated","TES_only_bound_downregulated","Down"
"KIF18A","ENSG00000121621",347.804685337404,-2.25557954826843,7.19812632033622e-32,"TES_only_bound","downregulated","TES_only_bound_downregulated","Down"
"CAST","ENSG00000153113",3189.56885721964,-1.48474493428629,3.50071395727691e-31,"TES_only_bound","downregulated","TES_only_bound_downregulated","Down"
"PAWR","ENSG00000177425",562.633280183715,-1.60793832347307,1.08396556854276e-30,"TES_only_bound","downregulated","TES_only_bound_downregulated","Down"
"DCLK1","ENSG00000133083",1028.06073442378,-1.54654639102677,1.28750767885217e-30,"TES_only_bound","downregulated","TES_only_bound_downregulated","Down"
"NEIL3","ENSG00000109674",112.631326789179,-3.07750163693906,1.00257265440219e-29,"TES_only_bound","downregulated","TES_only_bound_downregulated","Down"
"PDE4B","ENSG00000184588",878.516376653148,-1.72126622940978,4.42004713863147e-29,"TES_only_bound","downregulated","TES_only_bound_downregulated","Down"
"AKAP9","ENSG00000127914",4032.81750057231,-1.44734209796719,4.49714659993122e-29,"TES_only_bound","downregulated","TES_only_bound_downregulated","Down"
"TRIB1","ENSG00000173334",4585.7084484741,4.18235692516317,2.22769694938333e-229,"TEAD1_only_bound","upregulated","TEAD1_only_bound_upregulated","Up"
"KRT15","ENSG00000171346",3217.80180084832,5.24045776785518,5.49904378950062e-184,"TEAD1_only_bound","upregulated","TEAD1_only_bound_upregulated","Up"
"CGN","ENSG00000143375",1366.68539768234,4.3008526642617,6.77607040785075e-165,"TEAD1_only_bound","upregulated","TEAD1_only_bound_upregulated","Up"
"ABCA4","ENSG00000198691",846.818854594521,7.26019503406969,3.61106467099676e-119,"TEAD1_only_bound","upregulated","TEAD1_only_bound_upregulated","Up"
"MDGA1","ENSG00000112139",6212.75406597803,3.05845634565296,3.84999208589004e-115,"TEAD1_only_bound","upregulated","TEAD1_only_bound_upregulated","Up"
"SH3PXD2B","ENSG00000174705",10078.4573125023,2.71980934922782,5.83338346268766e-107,"TEAD1_only_bound","upregulated","TEAD1_only_bound_upregulated","Up"
"P2RY6","ENSG00000171631",430.741487611536,5.29947989561956,2.22102890484404e-99,"TEAD1_only_bound","upregulated","TEAD1_only_bound_upregulated","Up"
"SLC2A3","ENSG00000059804",3128.05787880138,2.58794528615447,6.4396196055925e-98,"TEAD1_only_bound","upregulated","TEAD1_only_bound_upregulated","Up"
"ARHGAP36","ENSG00000147256",476.088676889289,6.16886172596524,2.81388987325923e-95,"TEAD1_only_bound","upregulated","TEAD1_only_bound_upregulated","Up"
"LRP4","ENSG00000134569",2108.36902185486,2.88472761765719,3.19046432304154e-93,"TEAD1_only_bound","upregulated","TEAD1_only_bound_upregulated","Up"
"RYR3","ENSG00000198838",457.608047936484,3.31373676978754,5.18889590522049e-83,"TEAD1_only_bound","upregulated","TEAD1_only_bound_upregulated","Up"
"FAM222A","ENSG00000139438",484.034598394851,3.40048596958528,1.01281517543346e-80,"TEAD1_only_bound","upregulated","TEAD1_only_bound_upregulated","Up"
"SPRY4","ENSG00000187678",1589.29566700116,2.40423791327406,1.5990572916838e-73,"TEAD1_only_bound","upregulated","TEAD1_only_bound_upregulated","Up"
"WIPI1","ENSG00000070540",850.931949248027,2.49091755540546,6.13524697145848e-73,"TEAD1_only_bound","upregulated","TEAD1_only_bound_upregulated","Up"
"SLC12A8","ENSG00000221955",284.584108708658,3.87413333504754,1.08846710453767e-70,"TEAD1_only_bound","upregulated","TEAD1_only_bound_upregulated","Up"
"TG","ENSG00000042832",279.328649144448,3.3743699150195,3.40284986986372e-63,"TEAD1_only_bound","upregulated","TEAD1_only_bound_upregulated","Up"
"KRT13","ENSG00000171401",276.068835177936,4.24495085321552,3.63146010231984e-61,"TEAD1_only_bound","upregulated","TEAD1_only_bound_upregulated","Up"
"TNFRSF21","ENSG00000146072",1156.17542087429,2.28604362959457,1.69183709789654e-58,"TEAD1_only_bound","upregulated","TEAD1_only_bound_upregulated","Up"
"NID1","ENSG00000116962",5347.80760445626,1.97477470575633,6.14036876961142e-58,"TEAD1_only_bound","upregulated","TEAD1_only_bound_upregulated","Up"
"PLAT","ENSG00000104368",2981.17208452246,2.14148048266979,3.05750443235254e-55,"TEAD1_only_bound","upregulated","TEAD1_only_bound_upregulated","Up"
"COL6A3","ENSG00000163359",334.744433916687,3.14404988964006,6.5477081205639e-54,"TEAD1_only_bound","upregulated","TEAD1_only_bound_upregulated","Up"
"HAUS6","ENSG00000147874",2866.08438870837,2.30278659689958,1.69864019799381e-50,"TEAD1_only_bound","upregulated","TEAD1_only_bound_upregulated","Up"
"ETV4","ENSG00000175832",455.032835511565,2.52011944998217,1.11974482598376e-49,"TEAD1_only_bound","upregulated","TEAD1_only_bound_upregulated","Up"
"NPC1","ENSG00000141458",2247.90224506817,1.89164761037418,4.96105775292911e-49,"TEAD1_only_bound","upregulated","TEAD1_only_bound_upregulated","Up"
"ASS1","ENSG00000130707",302.561969255723,3.26327408904564,1.15053825260626e-48,"TEAD1_only_bound","upregulated","TEAD1_only_bound_upregulated","Up"
"MGAT5","ENSG00000152127",1365.70224512915,1.74923385278937,5.42397293445348e-45,"TEAD1_only_bound","upregulated","TEAD1_only_bound_upregulated","Up"
"FMN1","ENSG00000248905",830.478805765508,1.90574667786593,7.22955203932099e-43,"TEAD1_only_bound","upregulated","TEAD1_only_bound_upregulated","Up"
"C1orf21","ENSG00000116667",826.841838263922,1.69741612879118,7.17146223106297e-35,"TEAD1_only_bound","upregulated","TEAD1_only_bound_upregulated","Up"
"GLCE","ENSG00000138604",963.733387854781,1.8714031245709,2.75194286260353e-34,"TEAD1_only_bound","upregulated","TEAD1_only_bound_upregulated","Up"
"B4GALNT3","ENSG00000139044",1459.85457606872,1.56915983680758,3.05365430220991e-33,"TEAD1_only_bound","upregulated","TEAD1_only_bound_upregulated","Up"
"LZTS1-AS1","ENSG00000253733",99.650513530461,4.0771400990933,1.66602711211782e-32,"TEAD1_only_bound","upregulated","TEAD1_only_bound_upregulated","Up"
"PEG13","ENSG00000282164",461.456422921464,2.50177401759874,2.0775528820266e-32,"TEAD1_only_bound","upregulated","TEAD1_only_bound_upregulated","Up"
"PI16","ENSG00000164530",118.931194582042,5.7811414859086,5.02126388657984e-32,"TEAD1_only_bound","upregulated","TEAD1_only_bound_upregulated","Up"
"ERI1","ENSG00000104626",1067.21099964235,1.75154743188572,1.7401519139534e-31,"TEAD1_only_bound","upregulated","TEAD1_only_bound_upregulated","Up"
"KRT32","ENSG00000108759",114.826657873232,6.17818547414622,2.36414627226297e-28,"TEAD1_only_bound","upregulated","TEAD1_only_bound_upregulated","Up"
"SUSD4","ENSG00000143502",119.159348774004,2.73668906194947,1.88954750137645e-27,"TEAD1_only_bound","upregulated","TEAD1_only_bound_upregulated","Up"
"OSTF1","ENSG00000134996",319.400062872537,1.96319493162058,4.09731390092117e-27,"TEAD1_only_bound","upregulated","TEAD1_only_bound_upregulated","Up"
"HNRNPL","ENSG00000104824",5122.18758310852,1.40957819853383,2.03415016300718e-26,"TEAD1_only_bound","upregulated","TEAD1_only_bound_upregulated","Up"
"AXDND1","ENSG00000162779",123.240629381344,2.59449137533961,2.81144875439596e-26,"TEAD1_only_bound","upregulated","TEAD1_only_bound_upregulated","Up"
"CTSS","ENSG00000163131",775.380536614248,2.26955133445075,3.50831837735428e-26,"TEAD1_only_bound","upregulated","TEAD1_only_bound_upregulated","Up"
"PAX8-AS1","ENSG00000189223",183.775646578935,2.22321666204833,6.18440859477167e-26,"TEAD1_only_bound","upregulated","TEAD1_only_bound_upregulated","Up"
"ATP8B4","ENSG00000104043",86.4643244257692,3.2925992924457,1.07450477147603e-25,"TEAD1_only_bound","upregulated","TEAD1_only_bound_upregulated","Up"
"NFATC2","ENSG00000101096",134.157616713487,2.57621229463173,2.53538808488798e-25,"TEAD1_only_bound","upregulated","TEAD1_only_bound_upregulated","Up"
"CYREN","ENSG00000122783",1006.72835403831,1.32806342833899,8.88650824283466e-24,"TEAD1_only_bound","upregulated","TEAD1_only_bound_upregulated","Up"
"SGK1","ENSG00000118515",1148.71940997035,1.68575964294532,1.03058971265057e-23,"TEAD1_only_bound","upregulated","TEAD1_only_bound_upregulated","Up"
"NEK10","ENSG00000163491",1899.23829752282,1.80052268303963,1.9889185483521e-23,"TEAD1_only_bound","upregulated","TEAD1_only_bound_upregulated","Up"
"MICA","ENSG00000204520",1016.06389296119,1.9026518637656,5.72194042498988e-23,"TEAD1_only_bound","upregulated","TEAD1_only_bound_upregulated","Up"
"ACMSD","ENSG00000153086",126.23968917374,2.57371085405223,1.50564467443175e-22,"TEAD1_only_bound","upregulated","TEAD1_only_bound_upregulated","Up"
"SCG2","ENSG00000171951",804.038547924209,1.96205773470851,2.00729406184781e-22,"TEAD1_only_bound","upregulated","TEAD1_only_bound_upregulated","Up"
"ZFAT","ENSG00000066827",692.184928925697,1.30443471728363,2.92933747174717e-22,"TEAD1_only_bound","upregulated","TEAD1_only_bound_upregulated","Up"
"COL11A1","ENSG00000060718",2984.65620827564,-5.97911231595359,0,"TEAD1_only_bound","downregulated","TEAD1_only_bound_downregulated","Down"
"CCN2","ENSG00000118523",1797.3708667729,-7.80301925281702,2.69279158755025e-233,"TEAD1_only_bound","downregulated","TEAD1_only_bound_downregulated","Down"
"GFAP","ENSG00000131095",24079.0105783592,-4.28369053416857,9.31611435743192e-178,"TEAD1_only_bound","downregulated","TEAD1_only_bound_downregulated","Down"
"TGFA","ENSG00000163235",1496.60879274217,-4.23680464976558,1.58367137208068e-175,"TEAD1_only_bound","downregulated","TEAD1_only_bound_downregulated","Down"
"H3C2","ENSG00000286522",734.372161326051,-5.57053096080474,1.62855572042858e-172,"TEAD1_only_bound","downregulated","TEAD1_only_bound_downregulated","Down"
"GPD2","ENSG00000115159",2084.63794933134,-3.49139828918591,2.36239889395986e-167,"TEAD1_only_bound","downregulated","TEAD1_only_bound_downregulated","Down"
"ITGB4","ENSG00000132470",6008.44510181096,-3.63919859917277,3.70200440361704e-156,"TEAD1_only_bound","downregulated","TEAD1_only_bound_downregulated","Down"
"CSRP1","ENSG00000159176",1803.92268993126,-3.5783599435882,1.06001716671297e-142,"TEAD1_only_bound","downregulated","TEAD1_only_bound_downregulated","Down"
"NWD1","ENSG00000188039",491.030030826672,-4.79224725861118,4.00157915885254e-141,"TEAD1_only_bound","downregulated","TEAD1_only_bound_downregulated","Down"
"SEMA3C","ENSG00000075223",2567.43804580281,-3.33817481768924,1.24805669539075e-129,"TEAD1_only_bound","downregulated","TEAD1_only_bound_downregulated","Down"
"AJUBA","ENSG00000129474",981.450844544782,-3.30499069168193,2.31864857416459e-125,"TEAD1_only_bound","downregulated","TEAD1_only_bound_downregulated","Down"
"ADAM19","ENSG00000135074",4167.06237446488,-2.86396387233607,8.26956066572313e-123,"TEAD1_only_bound","downregulated","TEAD1_only_bound_downregulated","Down"
"PTPN14","ENSG00000152104",1715.1400598654,-2.98887458076315,3.32107645375999e-121,"TEAD1_only_bound","downregulated","TEAD1_only_bound_downregulated","Down"
"RRM2","ENSG00000171848",857.751046227765,-3.9236403449446,1.59471864951804e-120,"TEAD1_only_bound","downregulated","TEAD1_only_bound_downregulated","Down"
"VIM","ENSG00000026025",8455.14499759324,-3.55651227831258,1.00761218053013e-115,"TEAD1_only_bound","downregulated","TEAD1_only_bound_downregulated","Down"
"FBN1","ENSG00000166147",1490.1422215918,-2.93260630491299,6.49776530132102e-114,"TEAD1_only_bound","downregulated","TEAD1_only_bound_downregulated","Down"
"EFEMP1","ENSG00000115380",2595.09330125592,-4.60616868483747,2.79526160908322e-112,"TEAD1_only_bound","downregulated","TEAD1_only_bound_downregulated","Down"
"IRS1","ENSG00000169047",1635.36580348706,-2.68877871125526,1.79414524246784e-111,"TEAD1_only_bound","downregulated","TEAD1_only_bound_downregulated","Down"
"FAT3","ENSG00000165323",1423.29002982052,-3.06104470626551,1.92055717944172e-110,"TEAD1_only_bound","downregulated","TEAD1_only_bound_downregulated","Down"
"OTOGL","ENSG00000165899",331.59887033742,-4.35231526073805,5.23665203895168e-106,"TEAD1_only_bound","downregulated","TEAD1_only_bound_downregulated","Down"
"RHOJ","ENSG00000126785",547.805610500207,-3.58499891694571,1.37907982980205e-105,"TEAD1_only_bound","downregulated","TEAD1_only_bound_downregulated","Down"
"MT1E","ENSG00000169715",744.008488126755,-5.53154888046216,4.54733702536875e-105,"TEAD1_only_bound","downregulated","TEAD1_only_bound_downregulated","Down"
"A2M","ENSG00000175899",1070.93805673561,-4.14040985325567,8.65591692794545e-104,"TEAD1_only_bound","downregulated","TEAD1_only_bound_downregulated","Down"
"AIF1L","ENSG00000126878",2835.10514207091,-2.87952414730563,1.04426471617053e-96,"TEAD1_only_bound","downregulated","TEAD1_only_bound_downregulated","Down"
"KDM5D","ENSG00000012817",341.596387326504,-3.7366141589811,6.67121122523648e-95,"TEAD1_only_bound","downregulated","TEAD1_only_bound_downregulated","Down"
"H2AC8","ENSG00000277075",336.446005022259,-4.12017822339573,5.18520649255948e-93,"TEAD1_only_bound","downregulated","TEAD1_only_bound_downregulated","Down"
"OLFML2A","ENSG00000185585",395.399399941325,-4.04920916381454,6.88435480107834e-93,"TEAD1_only_bound","downregulated","TEAD1_only_bound_downregulated","Down"
"CREBL2","ENSG00000111269",378.449830700646,-4.37793061996222,4.27955794084951e-91,"TEAD1_only_bound","downregulated","TEAD1_only_bound_downregulated","Down"
"NLGN1","ENSG00000169760",1016.53879032459,-2.6578026222704,1.00601790948822e-87,"TEAD1_only_bound","downregulated","TEAD1_only_bound_downregulated","Down"
"SH3BP2","ENSG00000087266",2893.09586313132,-2.46861104597602,1.53909390024965e-86,"TEAD1_only_bound","downregulated","TEAD1_only_bound_downregulated","Down"
"HK1","ENSG00000156515",2926.4615677249,-2.26754557235062,7.19484722430327e-84,"TEAD1_only_bound","downregulated","TEAD1_only_bound_downregulated","Down"
"NPAS3","ENSG00000151322",1032.4547784615,-2.81886389341653,1.63477477080869e-83,"TEAD1_only_bound","downregulated","TEAD1_only_bound_downregulated","Down"
"GAS7","ENSG00000007237",874.04294584078,-2.67296529150496,6.29577471526363e-83,"TEAD1_only_bound","downregulated","TEAD1_only_bound_downregulated","Down"
"DOCK1","ENSG00000150760",857.42562596418,-2.60720633264655,1.25521458925796e-82,"TEAD1_only_bound","downregulated","TEAD1_only_bound_downregulated","Down"
"ID4","ENSG00000172201",682.250560073516,-3.48808445293036,2.86115228224446e-82,"TEAD1_only_bound","downregulated","TEAD1_only_bound_downregulated","Down"
"BICC1","ENSG00000122870",602.379827399686,-2.74017797919359,1.0917060744375e-78,"TEAD1_only_bound","downregulated","TEAD1_only_bound_downregulated","Down"
"HMCN1","ENSG00000143341",521.630872316145,-2.79497342435536,1.89041764124391e-77,"TEAD1_only_bound","downregulated","TEAD1_only_bound_downregulated","Down"
"PGK1","ENSG00000102144",8047.41212312829,-3.0614033119931,5.98606851007124e-77,"TEAD1_only_bound","downregulated","TEAD1_only_bound_downregulated","Down"
"SYDE1","ENSG00000105137",585.471727230013,-2.71539421058604,3.06700287566533e-69,"TEAD1_only_bound","downregulated","TEAD1_only_bound_downregulated","Down"
"BCAT1","ENSG00000060982",1362.14201530155,-2.18278308314994,3.62749707796902e-69,"TEAD1_only_bound","downregulated","TEAD1_only_bound_downregulated","Down"
"KIF20A","ENSG00000112984",335.542923002534,-3.75413861695281,3.86165585953728e-69,"TEAD1_only_bound","downregulated","TEAD1_only_bound_downregulated","Down"
"H2AC4","ENSG00000278463",212.235824297109,-6.03171697076336,9.83620808669423e-69,"TEAD1_only_bound","downregulated","TEAD1_only_bound_downregulated","Down"
"SPTBN1","ENSG00000115306",6356.70707951767,-2.19821167218876,1.21060418325739e-68,"TEAD1_only_bound","downregulated","TEAD1_only_bound_downregulated","Down"
"RANGAP1","ENSG00000100401",1339.13206033126,-2.25864223196964,3.30557344710117e-67,"TEAD1_only_bound","downregulated","TEAD1_only_bound_downregulated","Down"
"CBX5","ENSG00000094916",2400.47557747362,-2.18705730475473,4.96440239772254e-65,"TEAD1_only_bound","downregulated","TEAD1_only_bound_downregulated","Down"
"PFKP","ENSG00000067057",3542.38089129102,-1.906233354926,1.24509922507793e-63,"TEAD1_only_bound","downregulated","TEAD1_only_bound_downregulated","Down"
"APPBP2","ENSG00000062725",1623.77597921065,-2.14758575644914,1.29078326509974e-61,"TEAD1_only_bound","downregulated","TEAD1_only_bound_downregulated","Down"
"SYNPO","ENSG00000171992",1535.16198986913,-2.16483163410086,1.53819157967354e-59,"TEAD1_only_bound","downregulated","TEAD1_only_bound_downregulated","Down"
"COL5A1","ENSG00000130635",3680.86781831282,-2.06127172205798,2.53064541586658e-59,"TEAD1_only_bound","downregulated","TEAD1_only_bound_downregulated","Down"
"KLF10","ENSG00000155090",3012.51224859935,-2.61543858873535,3.65942012970687e-58,"TEAD1_only_bound","downregulated","TEAD1_only_bound_downregulated","Down"
"LZTS1","ENSG00000061337",5424.09664707818,4.51747041021942,1.34324490118523e-202,"TES_TEAD1_bound","upregulated","TES_TEAD1_bound_upregulated","Up"
"MYO5B","ENSG00000167306",3939.40573273443,3.27433986215417,6.39287013859235e-154,"TES_TEAD1_bound","upregulated","TES_TEAD1_bound_upregulated","Up"
"CEMIP","ENSG00000103888",1581.00281561482,3.59678092005062,9.18507261809501e-147,"TES_TEAD1_bound","upregulated","TES_TEAD1_bound_upregulated","Up"
"GLUD1","ENSG00000148672",7946.04445648646,2.93781986035646,3.73476278506832e-120,"TES_TEAD1_bound","upregulated","TES_TEAD1_bound_upregulated","Up"
"CERS4","ENSG00000090661",1855.26517259566,3.46975701959325,2.25255313605944e-117,"TES_TEAD1_bound","upregulated","TES_TEAD1_bound_upregulated","Up"
"C6orf141","ENSG00000197261",3011.76134146106,2.66438601942832,9.6759048812627e-106,"TES_TEAD1_bound","upregulated","TES_TEAD1_bound_upregulated","Up"
"TUFT1","ENSG00000143367",2953.85904116511,2.52220758558708,1.95875966365972e-101,"TES_TEAD1_bound","upregulated","TES_TEAD1_bound_upregulated","Up"
"MFAP3L","ENSG00000198948",2466.40927215765,2.70368841539083,1.38612284515395e-100,"TES_TEAD1_bound","upregulated","TES_TEAD1_bound_upregulated","Up"
"LOC339260","ENSG00000233098",258.319368009644,4.38096598971178,3.04332110101673e-70,"TES_TEAD1_bound","upregulated","TES_TEAD1_bound_upregulated","Up"
"CDHR3","ENSG00000128536",403.408257697147,3.45076310445101,2.0540311180904e-69,"TES_TEAD1_bound","upregulated","TES_TEAD1_bound_upregulated","Up"
"DUSP10","ENSG00000143507",2131.5739532317,2.12824747431405,9.30623808798393e-61,"TES_TEAD1_bound","upregulated","TES_TEAD1_bound_upregulated","Up"
"TIAM1","ENSG00000156299",1303.01320642961,2.12849267814514,9.85449543291154e-58,"TES_TEAD1_bound","upregulated","TES_TEAD1_bound_upregulated","Up"
"SYNE2","ENSG00000054654",9534.97138634902,2.10693557754565,3.79458695818165e-57,"TES_TEAD1_bound","upregulated","TES_TEAD1_bound_upregulated","Up"
"GPCPD1","ENSG00000125772",3234.36694917789,1.72768959742593,1.72105897242285e-48,"TES_TEAD1_bound","upregulated","TES_TEAD1_bound_upregulated","Up"
"FREM2","ENSG00000150893",468.329562935137,2.48440299399094,2.78894485924289e-48,"TES_TEAD1_bound","upregulated","TES_TEAD1_bound_upregulated","Up"
"DENND3","ENSG00000105339",582.311051128166,2.64813335118802,1.55253030618188e-47,"TES_TEAD1_bound","upregulated","TES_TEAD1_bound_upregulated","Up"
"ITGA6","ENSG00000091409",2138.43628327905,1.81707200039209,4.33437329332304e-46,"TES_TEAD1_bound","upregulated","TES_TEAD1_bound_upregulated","Up"
"TGM2","ENSG00000198959",639.788627721461,2.15038742926106,7.76320285206508e-46,"TES_TEAD1_bound","upregulated","TES_TEAD1_bound_upregulated","Up"
"PRKCH","ENSG00000027075",862.878336186904,1.7944702392323,2.69631202079113e-41,"TES_TEAD1_bound","upregulated","TES_TEAD1_bound_upregulated","Up"
"CYB5R2","ENSG00000166394",161.702460693304,3.45852481848892,7.38059613144806e-41,"TES_TEAD1_bound","upregulated","TES_TEAD1_bound_upregulated","Up"
"EMP1","ENSG00000134531",1297.32799216128,2.19413058995392,1.32015890232927e-38,"TES_TEAD1_bound","upregulated","TES_TEAD1_bound_upregulated","Up"
"FHL1","ENSG00000022267",2303.75224687918,1.96114380631011,2.44064720465664e-37,"TES_TEAD1_bound","upregulated","TES_TEAD1_bound_upregulated","Up"
"TEAD1","ENSG00000187079",12993.15739354,1.57307033767246,6.14564995100841e-37,"TES_TEAD1_bound","upregulated","TES_TEAD1_bound_upregulated","Up"
"FGD4","ENSG00000139132",385.361367429256,2.08622450458615,2.08760389265336e-35,"TES_TEAD1_bound","upregulated","TES_TEAD1_bound_upregulated","Up"
"PAX8","ENSG00000125618",305.178765746222,2.3785410021799,3.16535880757022e-33,"TES_TEAD1_bound","upregulated","TES_TEAD1_bound_upregulated","Up"
"GEM","ENSG00000164949",3112.57853778967,1.75990729079238,4.35581420471858e-33,"TES_TEAD1_bound","upregulated","TES_TEAD1_bound_upregulated","Up"
"PLA2R1","ENSG00000153246",107.825696940219,5.0393692744318,1.32911522936849e-32,"TES_TEAD1_bound","upregulated","TES_TEAD1_bound_upregulated","Up"
"GSDMC","ENSG00000147697",106.754954925252,3.32683894767448,3.94129051566105e-30,"TES_TEAD1_bound","upregulated","TES_TEAD1_bound_upregulated","Up"
"SLC2A14","ENSG00000173262",113.470928918892,3.27239561971888,6.81765914879147e-30,"TES_TEAD1_bound","upregulated","TES_TEAD1_bound_upregulated","Up"
"GALNT11","ENSG00000178234",1920.45563217415,1.45113835462069,2.40134634716982e-28,"TES_TEAD1_bound","upregulated","TES_TEAD1_bound_upregulated","Up"
"TMPRSS2","ENSG00000184012",93.8145713453379,3.66771128010184,2.00708556310803e-27,"TES_TEAD1_bound","upregulated","TES_TEAD1_bound_upregulated","Up"
"TTC39B","ENSG00000155158",1822.87401089799,1.32394058395456,2.15826368441221e-26,"TES_TEAD1_bound","upregulated","TES_TEAD1_bound_upregulated","Up"
"SOX4","ENSG00000124766",5298.40961729088,1.27202209278729,2.7448319412305e-26,"TES_TEAD1_bound","upregulated","TES_TEAD1_bound_upregulated","Up"
"STXBP5-AS1","ENSG00000233452",92.1293511311744,3.19018520816544,3.39679107248849e-25,"TES_TEAD1_bound","upregulated","TES_TEAD1_bound_upregulated","Up"
"OPN3","ENSG00000054277",76.6741452493024,3.31269649507213,1.67505827693789e-23,"TES_TEAD1_bound","upregulated","TES_TEAD1_bound_upregulated","Up"
"LINC02102","ENSG00000248677",76.0114401853358,3.36947415117152,3.95020007555028e-23,"TES_TEAD1_bound","upregulated","TES_TEAD1_bound_upregulated","Up"
"CHRNA1","ENSG00000138435",64.298413070697,4.47467351207921,4.29180331762804e-22,"TES_TEAD1_bound","upregulated","TES_TEAD1_bound_upregulated","Up"
"LYPD1","ENSG00000150551",2316.72965368371,1.36799247914412,2.25365151641261e-21,"TES_TEAD1_bound","upregulated","TES_TEAD1_bound_upregulated","Up"
"MLIP","ENSG00000146147",72.0501093691508,3.08782740017188,6.7807413756508e-21,"TES_TEAD1_bound","upregulated","TES_TEAD1_bound_upregulated","Up"
"FIBCD1","ENSG00000130720",243.269640364681,1.88216467884565,1.51131592866622e-20,"TES_TEAD1_bound","upregulated","TES_TEAD1_bound_upregulated","Up"
"CTSV","ENSG00000136943",69.0748022044692,3.13080675852646,5.72063297206288e-20,"TES_TEAD1_bound","upregulated","TES_TEAD1_bound_upregulated","Up"
"LINC01206","ENSG00000242512",130.596576293138,2.04678066049993,1.11724282352325e-19,"TES_TEAD1_bound","upregulated","TES_TEAD1_bound_upregulated","Up"
"TBPL1","ENSG00000028839",378.839274248936,1.53479377398406,3.03021159893136e-19,"TES_TEAD1_bound","upregulated","TES_TEAD1_bound_upregulated","Up"
"LOC124902033","ENSG00000253196",69.7033096957937,5.85982434076289,4.49663447298149e-19,"TES_TEAD1_bound","upregulated","TES_TEAD1_bound_upregulated","Up"
"CCN5","ENSG00000064205",57.3225983462414,4.99766906789931,7.27404059876004e-19,"TES_TEAD1_bound","upregulated","TES_TEAD1_bound_upregulated","Up"
"SLC20A2","ENSG00000168575",796.068641936419,1.18303381438676,1.54234975748425e-18,"TES_TEAD1_bound","upregulated","TES_TEAD1_bound_upregulated","Up"
"PRND","ENSG00000171864",188.040421721795,10.6144647750009,8.27481458231423e-18,"TES_TEAD1_bound","upregulated","TES_TEAD1_bound_upregulated","Up"
"ITGB5","ENSG00000082781",1891.43667626163,1.17714004946899,7.6552161917779e-17,"TES_TEAD1_bound","upregulated","TES_TEAD1_bound_upregulated","Up"
"DTX4","ENSG00000110042",143.553318207012,1.78380068318111,1.59247552816625e-16,"TES_TEAD1_bound","upregulated","TES_TEAD1_bound_upregulated","Up"
"JAG1","ENSG00000101384",4169.42043973444,1.06960210802111,1.74282529655692e-15,"TES_TEAD1_bound","upregulated","TES_TEAD1_bound_upregulated","Up"
"THBS1","ENSG00000137801",12319.4478488787,-5.16471413946792,0,"TES_TEAD1_bound","downregulated","TES_TEAD1_bound_downregulated","Down"
"AMOTL2","ENSG00000114019",1987.73336740855,-5.97202541163863,6.32982951204309e-301,"TES_TEAD1_bound","downregulated","TES_TEAD1_bound_downregulated","Down"
"ADAMTSL1","ENSG00000178031",1694.14119238008,-4.24994949902985,6.19452497938647e-211,"TES_TEAD1_bound","downregulated","TES_TEAD1_bound_downregulated","Down"
"ABI3BP","ENSG00000154175",2458.25911607693,-3.92593960471013,1.71327769923472e-200,"TES_TEAD1_bound","downregulated","TES_TEAD1_bound_downregulated","Down"
"VCAN","ENSG00000038427",13303.7072072348,-3.3430689830481,8.25270594826487e-197,"TES_TEAD1_bound","downregulated","TES_TEAD1_bound_downregulated","Down"
"CDH11","ENSG00000140937",4361.05033151811,-3.51266605280108,1.84652099612702e-194,"TES_TEAD1_bound","downregulated","TES_TEAD1_bound_downregulated","Down"
"MID1","ENSG00000101871",1114.52480103151,-4.14934057568253,2.46833474791903e-192,"TES_TEAD1_bound","downregulated","TES_TEAD1_bound_downregulated","Down"
"PARVA","ENSG00000197702",737.578321605466,-5.13370211651562,8.32659477609049e-191,"TES_TEAD1_bound","downregulated","TES_TEAD1_bound_downregulated","Down"
"DHRS3","ENSG00000162496",3223.63058221268,-3.40999963743536,1.85849980385949e-190,"TES_TEAD1_bound","downregulated","TES_TEAD1_bound_downregulated","Down"
"XKR4","ENSG00000206579",1181.79633356271,-4.14719861683479,9.10686780262435e-185,"TES_TEAD1_bound","downregulated","TES_TEAD1_bound_downregulated","Down"
"CCN1","ENSG00000142871",1225.4248327505,-7.58217516754692,2.48648936860275e-184,"TES_TEAD1_bound","downregulated","TES_TEAD1_bound_downregulated","Down"
"MBNL2","ENSG00000139793",884.393731871934,-4.87160817326055,1.59855851212008e-174,"TES_TEAD1_bound","downregulated","TES_TEAD1_bound_downregulated","Down"
"ITGB8","ENSG00000105855",6479.41630709051,-3.13290375568598,1.00113019720093e-161,"TES_TEAD1_bound","downregulated","TES_TEAD1_bound_downregulated","Down"
"PI15","ENSG00000137558",1724.1704136895,-5.02825208694987,2.88158215354081e-156,"TES_TEAD1_bound","downregulated","TES_TEAD1_bound_downregulated","Down"
"DAB2","ENSG00000153071",523.873888867927,-4.75916780426494,3.62467344947086e-153,"TES_TEAD1_bound","downregulated","TES_TEAD1_bound_downregulated","Down"
"LIMCH1","ENSG00000064042",3423.41899863011,-3.1060039256628,3.32694622750626e-149,"TES_TEAD1_bound","downregulated","TES_TEAD1_bound_downregulated","Down"
"CALD1","ENSG00000122786",4937.77610140333,-3.27393621064106,4.13596506392006e-149,"TES_TEAD1_bound","downregulated","TES_TEAD1_bound_downregulated","Down"
"PRSS35","ENSG00000146250",894.832163329415,-5.51440540427932,2.11747246157523e-135,"TES_TEAD1_bound","downregulated","TES_TEAD1_bound_downregulated","Down"
"CUEDC1","ENSG00000180891",1438.07575451222,-3.10594017008297,2.44172450243627e-129,"TES_TEAD1_bound","downregulated","TES_TEAD1_bound_downregulated","Down"
"CAV1","ENSG00000105974",2255.8378878697,-4.05488094375317,1.30942435146464e-127,"TES_TEAD1_bound","downregulated","TES_TEAD1_bound_downregulated","Down"
"ARID5B","ENSG00000150347",7977.24264140739,-2.83706279395299,1.30942435146464e-127,"TES_TEAD1_bound","downregulated","TES_TEAD1_bound_downregulated","Down"
"RARB","ENSG00000077092",1057.82482264415,-3.21209099783835,1.33757706879539e-122,"TES_TEAD1_bound","downregulated","TES_TEAD1_bound_downregulated","Down"
"COL12A1","ENSG00000111799",3581.97440057399,-3.12431620296627,5.82362331312125e-121,"TES_TEAD1_bound","downregulated","TES_TEAD1_bound_downregulated","Down"
"NFIB","ENSG00000147862",2705.16368521324,-2.96297919606652,7.87074262497469e-121,"TES_TEAD1_bound","downregulated","TES_TEAD1_bound_downregulated","Down"
"FAM13C","ENSG00000148541",409.586983662296,-4.05831666996138,2.8070402069078e-120,"TES_TEAD1_bound","downregulated","TES_TEAD1_bound_downregulated","Down"
"LATS2","ENSG00000150457",476.120920873732,-3.714509092708,1.57724196114925e-117,"TES_TEAD1_bound","downregulated","TES_TEAD1_bound_downregulated","Down"
"H1-2","ENSG00000187837",1747.9482251635,-2.87972457145761,2.5377974249641e-116,"TES_TEAD1_bound","downregulated","TES_TEAD1_bound_downregulated","Down"
"ANKRD50","ENSG00000151458",1695.92552017785,-2.74480266200501,2.88957408467927e-116,"TES_TEAD1_bound","downregulated","TES_TEAD1_bound_downregulated","Down"
"OSBPL10","ENSG00000144645",1667.9457138387,-2.84149543589002,1.36795751743945e-114,"TES_TEAD1_bound","downregulated","TES_TEAD1_bound_downregulated","Down"
"TACR1","ENSG00000115353",507.287739297384,-3.52753029280769,4.51729044646604e-113,"TES_TEAD1_bound","downregulated","TES_TEAD1_bound_downregulated","Down"
"VCAM1","ENSG00000162692",993.641085493865,-3.70225048286617,4.51312467541353e-112,"TES_TEAD1_bound","downregulated","TES_TEAD1_bound_downregulated","Down"
"DMD","ENSG00000198947",500.936675520479,-3.60718304623363,2.68871414911187e-110,"TES_TEAD1_bound","downregulated","TES_TEAD1_bound_downregulated","Down"
"SLFN12","ENSG00000172123",460.350355965635,-4.34401311349114,2.81532788300184e-110,"TES_TEAD1_bound","downregulated","TES_TEAD1_bound_downregulated","Down"
"RBMS3","ENSG00000144642",1066.08694336185,-2.84879489234782,5.77509964138202e-107,"TES_TEAD1_bound","downregulated","TES_TEAD1_bound_downregulated","Down"
"PRKD1","ENSG00000184304",930.015862199743,-2.96893802822791,6.61689032842727e-105,"TES_TEAD1_bound","downregulated","TES_TEAD1_bound_downregulated","Down"
"COL21A1","ENSG00000124749",396.881862398961,-4.2351221948193,7.37024584904564e-102,"TES_TEAD1_bound","downregulated","TES_TEAD1_bound_downregulated","Down"
"TENM2","ENSG00000145934",3015.21524480116,-2.46057753090908,2.50794831939736e-97,"TES_TEAD1_bound","downregulated","TES_TEAD1_bound_downregulated","Down"
"TRIB2","ENSG00000071575",1937.88480230595,-2.65889115532627,2.81004343723428e-95,"TES_TEAD1_bound","downregulated","TES_TEAD1_bound_downregulated","Down"
"CDK6","ENSG00000105810",3734.61562266506,-2.50416652567573,5.2950036925613e-94,"TES_TEAD1_bound","downregulated","TES_TEAD1_bound_downregulated","Down"
"HNMT","ENSG00000150540",296.891162300483,-5.9575449585292,4.25744299402014e-93,"TES_TEAD1_bound","downregulated","TES_TEAD1_bound_downregulated","Down"
"CP","ENSG00000047457",1152.63116200501,-3.82611646445878,1.38794489255363e-92,"TES_TEAD1_bound","downregulated","TES_TEAD1_bound_downregulated","Down"
"SORL1","ENSG00000137642",817.42776066853,-2.95239903492511,2.85094774693956e-92,"TES_TEAD1_bound","downregulated","TES_TEAD1_bound_downregulated","Down"
"TNS3","ENSG00000136205",6668.85341202987,-2.48716919439411,4.13158278680989e-91,"TES_TEAD1_bound","downregulated","TES_TEAD1_bound_downregulated","Down"
"MIR4435-2HG","ENSG00000172965",1148.93430287303,-2.80062352254469,1.04170607073573e-89,"TES_TEAD1_bound","downregulated","TES_TEAD1_bound_downregulated","Down"
"NNMT","ENSG00000166741",435.181329210803,-4.32554072935394,1.92839564559738e-89,"TES_TEAD1_bound","downregulated","TES_TEAD1_bound_downregulated","Down"
"HDAC9","ENSG00000048052",2034.87427002883,-2.34007634726241,4.25009202733988e-86,"TES_TEAD1_bound","downregulated","TES_TEAD1_bound_downregulated","Down"
"EYA4","ENSG00000112319",2535.57948010173,-2.39620087832337,1.84706834176712e-84,"TES_TEAD1_bound","downregulated","TES_TEAD1_bound_downregulated","Down"
"FN1","ENSG00000115414",4886.72186544166,-2.51778637847426,2.59161713560113e-84,"TES_TEAD1_bound","downregulated","TES_TEAD1_bound_downregulated","Down"
"MCC","ENSG00000171444",4360.1597452498,-2.33035239367809,2.83826861062824e-84,"TES_TEAD1_bound","downregulated","TES_TEAD1_bound_downregulated","Down"
"P3H2","ENSG00000090530",339.490397654715,-3.57908070955505,1.6963572145046e-80,"TES_TEAD1_bound","downregulated","TES_TEAD1_bound_downregulated","Down"
"MAP3K20-AS1","ENSG00000238133",1836.8550741723,6.40970596378398,2.04794866859113e-256,"Neither_bound","upregulated","Neither_bound_upregulated","Up"
"ZFP90","ENSG00000184939",8828.93099140708,3.99125015757697,1.64392941866682e-229,"Neither_bound","upregulated","Neither_bound_upregulated","Up"
"ENSG00000241743.4","ENSG00000241743",4994.88104662215,5.92448053916017,7.55292852469539e-212,"Neither_bound","upregulated","Neither_bound_upregulated","Up"
"TMOD1","ENSG00000136842",1198.35194936242,5.24220947535354,1.10011356459413e-204,"Neither_bound","upregulated","Neither_bound_upregulated","Up"
"ENSG00000268756.1","ENSG00000268756",1085.42370201202,6.13323220618358,9.43545547764967e-186,"Neither_bound","upregulated","Neither_bound_upregulated","Up"
"PDE7B-AS1","ENSG00000237596",1153.82269633234,5.17808543063031,1.45156261428447e-173,"Neither_bound","upregulated","Neither_bound_upregulated","Up"
"RASD1","ENSG00000108551",1395.96321007124,4.81697662280081,2.108152077144e-169,"Neither_bound","upregulated","Neither_bound_upregulated","Up"
"ENSG00000228709.3","ENSG00000228709",1039.49280995518,6.86647964189559,8.92705258091247e-161,"Neither_bound","upregulated","Neither_bound_upregulated","Up"
"TCN2","ENSG00000185339",2200.75527173966,4.08153112262731,1.28875270232556e-144,"Neither_bound","upregulated","Neither_bound_upregulated","Up"
"IL31RA","ENSG00000164509",1263.39336552647,7.84607321571159,1.73338031361554e-141,"Neither_bound","upregulated","Neither_bound_upregulated","Up"
"IDO1","ENSG00000131203",1686.64114724284,5.22057161252584,2.50928083837118e-140,"Neither_bound","upregulated","Neither_bound_upregulated","Up"
"VGF","ENSG00000128564",845.91552401584,5.49694663871607,2.33663783729252e-139,"Neither_bound","upregulated","Neither_bound_upregulated","Up"
"PREX1","ENSG00000124126",3848.5672635021,3.08819278118391,1.45257312329726e-127,"Neither_bound","upregulated","Neither_bound_upregulated","Up"
"ENSG00000267475.3","ENSG00000267475",602.113172778999,5.71325571239825,4.12185123390712e-123,"Neither_bound","upregulated","Neither_bound_upregulated","Up"
"ENSG00000290058.1","ENSG00000290058",621.061427956058,4.63505302669535,1.55773301724448e-122,"Neither_bound","upregulated","Neither_bound_upregulated","Up"
"PYGB","ENSG00000100994",14653.2924493919,2.78171454968655,2.1026305425919e-122,"Neither_bound","upregulated","Neither_bound_upregulated","Up"
"CACNA1G","ENSG00000006283",990.103060696666,3.72594906601156,3.13199883626884e-121,"Neither_bound","upregulated","Neither_bound_upregulated","Up"
"CLEC7A","ENSG00000172243",603.116105965984,5.73968905282038,6.49641669002121e-119,"Neither_bound","upregulated","Neither_bound_upregulated","Up"
"PCK1","ENSG00000124253",573.942169541103,5.29809529110984,6.20983266994708e-118,"Neither_bound","upregulated","Neither_bound_upregulated","Up"
"ENPP2","ENSG00000136960",2043.99828694429,9.54113311532366,1.59822687816778e-117,"Neither_bound","upregulated","Neither_bound_upregulated","Up"
"WEE1","ENSG00000166483",4043.37857217586,2.7886932106211,3.42229669849437e-117,"Neither_bound","upregulated","Neither_bound_upregulated","Up"
"HMCN2","ENSG00000148357",1177.64771158373,8.04296572908486,4.24608183040231e-115,"Neither_bound","upregulated","Neither_bound_upregulated","Up"
"CCR4","ENSG00000183813",489.641446428783,4.49855926148489,2.51365079353698e-114,"Neither_bound","upregulated","Neither_bound_upregulated","Up"
"ARHGEF5","ENSG00000050327",1145.76644468977,8.26990776029733,3.40892563534353e-114,"Neither_bound","upregulated","Neither_bound_upregulated","Up"
"MAP3K20","ENSG00000091436",3794.17175991624,2.92903192490595,1.38186249661283e-113,"Neither_bound","upregulated","Neither_bound_upregulated","Up"
"ADAMTS14","ENSG00000138316",595.392646758516,6.30776534276973,3.43990986845256e-113,"Neither_bound","upregulated","Neither_bound_upregulated","Up"
"ZNF114","ENSG00000178150",867.019625896869,7.61625434724701,3.08257873962323e-110,"Neither_bound","upregulated","Neither_bound_upregulated","Up"
"GPAT3","ENSG00000138678",1314.20904633762,3.20202942254892,1.29046739558276e-102,"Neither_bound","upregulated","Neither_bound_upregulated","Up"
"ENSG00000182912.6","ENSG00000182912",486.352022043281,6.21424856986348,4.5963977416043e-101,"Neither_bound","upregulated","Neither_bound_upregulated","Up"
"KRT8","ENSG00000170421",682.438845673437,3.95835997662107,4.4874678463932e-95,"Neither_bound","upregulated","Neither_bound_upregulated","Up"
"ENSG00000263567.1","ENSG00000263567",984.647682434161,8.49558664066747,3.22339836981784e-93,"Neither_bound","upregulated","Neither_bound_upregulated","Up"
"PCOLCE2","ENSG00000163710",508.843468188289,6.74181809257981,3.2330338579935e-92,"Neither_bound","upregulated","Neither_bound_upregulated","Up"
"FTCD","ENSG00000160282",415.03494668193,4.78606537763229,4.76946236694106e-92,"Neither_bound","upregulated","Neither_bound_upregulated","Up"
"CHST7","ENSG00000147119",1140.95881851466,3.02815469154862,5.4654722754973e-88,"Neither_bound","upregulated","Neither_bound_upregulated","Up"
"KCNJ12","ENSG00000184185",613.169276939548,7.21171221995477,3.16431349190883e-87,"Neither_bound","upregulated","Neither_bound_upregulated","Up"
"CASZ1","ENSG00000130940",553.628387315712,3.6155292673122,1.05565863787653e-85,"Neither_bound","upregulated","Neither_bound_upregulated","Up"
"ETV7","ENSG00000010030",796.645138497063,3.3845775433315,2.03084510983899e-84,"Neither_bound","upregulated","Neither_bound_upregulated","Up"
"DRAXIN","ENSG00000162490",430.48249997319,3.66249871645856,2.71695232722084e-84,"Neither_bound","upregulated","Neither_bound_upregulated","Up"
"RPE65","ENSG00000116745",318.407033199929,5.16617313820385,7.05939282021451e-82,"Neither_bound","upregulated","Neither_bound_upregulated","Up"
"TCP11L2","ENSG00000166046",2150.0299671476,2.43808419017786,1.0370552880777e-80,"Neither_bound","upregulated","Neither_bound_upregulated","Up"
"PIK3R3","ENSG00000117461",992.672562544435,2.47795331599282,1.78463759512558e-78,"Neither_bound","upregulated","Neither_bound_upregulated","Up"
"PDE7B","ENSG00000171408",351.205951172403,4.10960277493048,1.8510725535511e-78,"Neither_bound","upregulated","Neither_bound_upregulated","Up"
"CXCL12","ENSG00000107562",309.44407542581,5.23138270624291,2.14111693849217e-78,"Neither_bound","upregulated","Neither_bound_upregulated","Up"
"UNC5B","ENSG00000107731",1355.91058852016,2.62564347659232,3.49614907269051e-77,"Neither_bound","upregulated","Neither_bound_upregulated","Up"
"ENSG00000223831.1","ENSG00000223831",327.17396258935,5.93202406280097,5.42244464872915e-76,"Neither_bound","upregulated","Neither_bound_upregulated","Up"
"CEACAM1","ENSG00000079385",408.686684994167,3.48530510533988,4.36265543326049e-75,"Neither_bound","upregulated","Neither_bound_upregulated","Up"
"ENSG00000204959.4","ENSG00000204959",437.882705484723,7.02390628411873,1.27631909810203e-74,"Neither_bound","upregulated","Neither_bound_upregulated","Up"
"DHCR7","ENSG00000172893",3121.87393272558,2.33865504594265,2.25207920400546e-73,"Neither_bound","upregulated","Neither_bound_upregulated","Up"
"SEMA5A","ENSG00000112902",819.460484500697,2.64352252420661,4.27765475016963e-73,"Neither_bound","upregulated","Neither_bound_upregulated","Up"
"IGFBP4","ENSG00000141753",1541.44288630969,2.74783466699248,5.20414474887886e-73,"Neither_bound","upregulated","Neither_bound_upregulated","Up"
"IGFBP5","ENSG00000115461",11030.6435420683,-5.72505377078695,0,"Neither_bound","downregulated","Neither_bound_downregulated","Down"
"FAM20C","ENSG00000177706",2900.80547062486,-4.47662121276052,3.12666490623655e-277,"Neither_bound","downregulated","Neither_bound_downregulated","Down"
"ITGB3","ENSG00000259207",1536.58926328561,-4.24773261828121,2.94707693785138e-230,"Neither_bound","downregulated","Neither_bound_downregulated","Down"
"GLDN","ENSG00000186417",2827.97531055777,-4.12653644841925,2.32003216162517e-197,"Neither_bound","downregulated","Neither_bound_downregulated","Down"
"MKI67","ENSG00000148773",3601.78097644897,-3.56563641263512,2.04598784898814e-184,"Neither_bound","downregulated","Neither_bound_downregulated","Down"
"H1-0","ENSG00000189060",1593.50489633205,-5.2924138910207,1.15070947715149e-181,"Neither_bound","downregulated","Neither_bound_downregulated","Down"
"SESN3","ENSG00000149212",10331.5374384317,-3.09524265977286,3.65278140480587e-176,"Neither_bound","downregulated","Neither_bound_downregulated","Down"
"H3C7","ENSG00000277775",604.345812290723,-5.76368060282546,1.04609241485323e-163,"Neither_bound","downregulated","Neither_bound_downregulated","Down"
"H1-3","ENSG00000124575",550.663973311776,-4.81737973884202,1.2533182324447e-159,"Neither_bound","downregulated","Neither_bound_downregulated","Down"
"H1-5","ENSG00000184357",660.479029025487,-5.28724390216576,4.77339331365035e-157,"Neither_bound","downregulated","Neither_bound_downregulated","Down"
"H4C5","ENSG00000276966",673.677610367901,-5.26540098100793,2.87660124114881e-155,"Neither_bound","downregulated","Neither_bound_downregulated","Down"
"KIF18B","ENSG00000186185",634.144656343572,-3.90802466545713,1.64805044390016e-145,"Neither_bound","downregulated","Neither_bound_downregulated","Down"
"GBE1","ENSG00000114480",1477.26682241053,-3.74262091969869,2.92866199019792e-145,"Neither_bound","downregulated","Neither_bound_downregulated","Down"
"EPSTI1","ENSG00000133106",991.89938774535,-3.75459301799046,3.19863847378109e-144,"Neither_bound","downregulated","Neither_bound_downregulated","Down"
"H3C8","ENSG00000273983",480.053813718548,-4.85005590861412,8.97555602592245e-137,"Neither_bound","downregulated","Neither_bound_downregulated","Down"
"YTHDC2","ENSG00000047188",895.926300335852,-3.49153892902339,7.52414506843815e-132,"Neither_bound","downregulated","Neither_bound_downregulated","Down"
"IQGAP3","ENSG00000183856",485.936734013689,-3.90097834481103,5.83149990933152e-128,"Neither_bound","downregulated","Neither_bound_downregulated","Down"
"UNC5C","ENSG00000182168",1723.78913363643,-3.14050847859916,1.84459044230968e-127,"Neither_bound","downregulated","Neither_bound_downregulated","Down"
"H4C3","ENSG00000197061",601.18317161919,-4.23533017079027,1.7097890022401e-124,"Neither_bound","downregulated","Neither_bound_downregulated","Down"
"FIGN","ENSG00000182263",1758.04078337863,-2.79619620269653,1.48316339652387e-112,"Neither_bound","downregulated","Neither_bound_downregulated","Down"
"PTPRZ1","ENSG00000106278",2713.3286157936,-2.98564804300003,1.6536665499924e-111,"Neither_bound","downregulated","Neither_bound_downregulated","Down"
"TOP2A","ENSG00000131747",2676.69769442492,-3.36581276900899,1.86825317320931e-111,"Neither_bound","downregulated","Neither_bound_downregulated","Down"
"SPAG17","ENSG00000155761",805.204177655086,-3.29988037080116,3.70855278118979e-108,"Neither_bound","downregulated","Neither_bound_downregulated","Down"
"ENSG00000231566.4","ENSG00000231566",611.232715365756,-4.11458718571562,2.96680932263845e-107,"Neither_bound","downregulated","Neither_bound_downregulated","Down"
"IFFO2","ENSG00000169991",2336.89836819389,-2.90399545547578,6.10279410132595e-107,"Neither_bound","downregulated","Neither_bound_downregulated","Down"
"CYTOR","ENSG00000222041",524.381729333646,-3.47570757349294,1.95419458468071e-106,"Neither_bound","downregulated","Neither_bound_downregulated","Down"
"CNR1","ENSG00000118432",8070.2948132652,-2.7185090584044,1.95419458468071e-106,"Neither_bound","downregulated","Neither_bound_downregulated","Down"
"H4C4","ENSG00000277157",604.018514864038,-4.17746310717727,3.0702995218697e-104,"Neither_bound","downregulated","Neither_bound_downregulated","Down"
"LMCD1","ENSG00000071282",680.412679217721,-3.22037059286635,9.60971899950183e-103,"Neither_bound","downregulated","Neither_bound_downregulated","Down"
"NKAIN3","ENSG00000185942",1226.69360996453,-3.61376794806725,1.32430622796732e-101,"Neither_bound","downregulated","Neither_bound_downregulated","Down"
"PAG1","ENSG00000076641",467.068031158589,-3.50580663051506,5.8303918942914e-100,"Neither_bound","downregulated","Neither_bound_downregulated","Down"
"POPDC1","ENSG00000112276",2896.04984273349,-2.72089082049974,6.4581594586401e-99,"Neither_bound","downregulated","Neither_bound_downregulated","Down"
"NUDT4","ENSG00000173598",2975.77682338686,-2.59334223195027,2.10296711069722e-97,"Neither_bound","downregulated","Neither_bound_downregulated","Down"
"WDR33","ENSG00000136709",844.960707019262,-2.7425822427732,3.84037786841247e-95,"Neither_bound","downregulated","Neither_bound_downregulated","Down"
"PTBP2","ENSG00000117569",1234.59824795421,-2.71793628306409,2.255045495025e-94,"Neither_bound","downregulated","Neither_bound_downregulated","Down"
"NFIX","ENSG00000008441",5040.88518818899,-2.53560146678647,1.26909082358836e-93,"Neither_bound","downregulated","Neither_bound_downregulated","Down"
"WWC2","ENSG00000151718",918.763165824063,-2.86446450765268,3.19013694734699e-93,"Neither_bound","downregulated","Neither_bound_downregulated","Down"
"TMX4","ENSG00000125827",968.829918406148,-2.8639295809013,4.57014100301149e-92,"Neither_bound","downregulated","Neither_bound_downregulated","Down"
"DTWD1","ENSG00000104047",344.651949088909,-3.92699589639045,8.38209352545054e-92,"Neither_bound","downregulated","Neither_bound_downregulated","Down"
"H2BC10","ENSG00000278588",269.773512406835,-4.69964491570344,1.92674848344718e-91,"Neither_bound","downregulated","Neither_bound_downregulated","Down"
"KITLG","ENSG00000049130",366.505503600729,-3.68828437349792,2.52941219930373e-90,"Neither_bound","downregulated","Neither_bound_downregulated","Down"
"ARPIN","ENSG00000242498",384.662097683634,-3.3404961049837,1.40441789610281e-89,"Neither_bound","downregulated","Neither_bound_downregulated","Down"
"HJURP","ENSG00000123485",339.735975948653,-4.06861910306412,1.82679474449348e-87,"Neither_bound","downregulated","Neither_bound_downregulated","Down"
"TMEM168","ENSG00000146802",326.866221832152,-3.70309792069358,2.54358772597589e-87,"Neither_bound","downregulated","Neither_bound_downregulated","Down"
"ENSG00000224078.15","ENSG00000224078",2853.32045692939,-3.09086403407146,4.35386319983409e-86,"Neither_bound","downregulated","Neither_bound_downregulated","Down"
"COL1A2","ENSG00000164692",10105.5506159149,-2.41314459203315,4.074778855906e-85,"Neither_bound","downregulated","Neither_bound_downregulated","Down"
"PRPF8","ENSG00000174231",5609.32177917669,-2.28708183078602,4.77636121559103e-85,"Neither_bound","downregulated","Neither_bound_downregulated","Down"
"PDK1","ENSG00000152256",1960.0217174249,-2.54245536268955,1.3803786251309e-84,"Neither_bound","downregulated","Neither_bound_downregulated","Down"
"SHCBP1","ENSG00000171241",443.415820733669,-3.34700325642433,7.39610383775276e-82,"Neither_bound","downregulated","Neither_bound_downregulated","Down"
"ENSG00000242759.10","ENSG00000242759",770.500618256522,-3.3361868761295,2.52842530738337e-81,"Neither_bound","downregulated","Neither_bound_downregulated","Down"
